MeasurementClassName,AttributeName,Cardinality,Range,Description,SlotRestrictions
"=HYPERLINK(""https://ehs-data-standards.github.io/outcomes-working-group/elements/CFTRFunctionMeasurement/"",""CFTRFunctionMeasurement"")","=HYPERLINK(""https://ehs-data-standards.github.io/outcomes-working-group/elements/id/"",""id"")",single,uriorcurie,A unique identifier,
"=HYPERLINK(""https://ehs-data-standards.github.io/outcomes-working-group/elements/CFTRFunctionMeasurement/"",""CFTRFunctionMeasurement"")","=HYPERLINK(""https://ehs-data-standards.github.io/outcomes-working-group/elements/description/"",""description"")",single,string,A detailed description,
"=HYPERLINK(""https://ehs-data-standards.github.io/outcomes-working-group/elements/CFTRFunctionMeasurement/"",""CFTRFunctionMeasurement"")","=HYPERLINK(""https://ehs-data-standards.github.io/outcomes-working-group/elements/input_sample/"",""input_sample"")",single,"=HYPERLINK(""https://ehs-data-standards.github.io/outcomes-working-group/elements/InputSample/"",""InputSample"")",Description of input samples and manipulations,
"=HYPERLINK(""https://ehs-data-standards.github.io/outcomes-working-group/elements/CFTRFunctionMeasurement/"",""CFTRFunctionMeasurement"")","=HYPERLINK(""https://ehs-data-standards.github.io/outcomes-working-group/elements/method_assay/"",""method_assay"")",single,"=HYPERLINK(""https://ehs-data-standards.github.io/outcomes-working-group/elements/Assay/"",""Assay"")",The method or assay used,
"=HYPERLINK(""https://ehs-data-standards.github.io/outcomes-working-group/elements/CFTRFunctionMeasurement/"",""CFTRFunctionMeasurement"")","=HYPERLINK(""https://ehs-data-standards.github.io/outcomes-working-group/elements/protocol_notes/"",""protocol_notes"")",single,string,Protocol or SOP notes,
"=HYPERLINK(""https://ehs-data-standards.github.io/outcomes-working-group/elements/CFTRFunctionMeasurement/"",""CFTRFunctionMeasurement"")","=HYPERLINK(""https://ehs-data-standards.github.io/outcomes-working-group/elements/cftr_specific_current/"",""cftr_specific_current"")",single,"=HYPERLINK(""https://ehs-data-standards.github.io/outcomes-working-group/elements/QuantityValue/"",""QuantityValue"")",CFTR-mediated chloride secretory current,
"=HYPERLINK(""https://ehs-data-standards.github.io/outcomes-working-group/elements/CFTRFunctionMeasurement/"",""CFTRFunctionMeasurement"")","=HYPERLINK(""https://ehs-data-standards.github.io/outcomes-working-group/elements/inhibitor_sensitive_current/"",""inhibitor_sensitive_current"")",single,"=HYPERLINK(""https://ehs-data-standards.github.io/outcomes-working-group/elements/QuantityValue/"",""QuantityValue"")",Inhibitor-sensitive current measurement,
"=HYPERLINK(""https://ehs-data-standards.github.io/outcomes-working-group/elements/CFTRFunctionMeasurement/"",""CFTRFunctionMeasurement"")","=HYPERLINK(""https://ehs-data-standards.github.io/outcomes-working-group/elements/cell_culture_details/"",""cell_culture_details"")",single,"=HYPERLINK(""https://ehs-data-standards.github.io/outcomes-working-group/elements/CellCultureConditions/"",""CellCultureConditions"")",Detailed cell culture conditions,
"=HYPERLINK(""https://ehs-data-standards.github.io/outcomes-working-group/elements/BALFSputumMeasurement/"",""BALFSputumMeasurement"")","=HYPERLINK(""https://ehs-data-standards.github.io/outcomes-working-group/elements/id/"",""id"")",single,uriorcurie,A unique identifier,
"=HYPERLINK(""https://ehs-data-standards.github.io/outcomes-working-group/elements/BALFSputumMeasurement/"",""BALFSputumMeasurement"")","=HYPERLINK(""https://ehs-data-standards.github.io/outcomes-working-group/elements/description/"",""description"")",single,string,A detailed description,
"=HYPERLINK(""https://ehs-data-standards.github.io/outcomes-working-group/elements/BALFSputumMeasurement/"",""BALFSputumMeasurement"")","=HYPERLINK(""https://ehs-data-standards.github.io/outcomes-working-group/elements/input_sample/"",""input_sample"")",single,"=HYPERLINK(""https://ehs-data-standards.github.io/outcomes-working-group/elements/InputSample/"",""InputSample"")",Description of input samples and manipulations,
"=HYPERLINK(""https://ehs-data-standards.github.io/outcomes-working-group/elements/BALFSputumMeasurement/"",""BALFSputumMeasurement"")","=HYPERLINK(""https://ehs-data-standards.github.io/outcomes-working-group/elements/method_assay/"",""method_assay"")",single,"=HYPERLINK(""https://ehs-data-standards.github.io/outcomes-working-group/elements/Assay/"",""Assay"")",The method or assay used,
"=HYPERLINK(""https://ehs-data-standards.github.io/outcomes-working-group/elements/BALFSputumMeasurement/"",""BALFSputumMeasurement"")","=HYPERLINK(""https://ehs-data-standards.github.io/outcomes-working-group/elements/protocol_notes/"",""protocol_notes"")",single,string,Protocol or SOP notes,
"=HYPERLINK(""https://ehs-data-standards.github.io/outcomes-working-group/elements/BALFSputumMeasurement/"",""BALFSputumMeasurement"")","=HYPERLINK(""https://ehs-data-standards.github.io/outcomes-working-group/elements/sample_collection_details/"",""sample_collection_details"")",single,"=HYPERLINK(""https://ehs-data-standards.github.io/outcomes-working-group/elements/SampleCollection/"",""SampleCollection"")",Sample collection protocol details,
"=HYPERLINK(""https://ehs-data-standards.github.io/outcomes-working-group/elements/BALFSputumMeasurement/"",""BALFSputumMeasurement"")","=HYPERLINK(""https://ehs-data-standards.github.io/outcomes-working-group/elements/inflammatory_cell_profile/"",""inflammatory_cell_profile"")",single,"=HYPERLINK(""https://ehs-data-standards.github.io/outcomes-working-group/elements/InflammatoryCellProfile/"",""InflammatoryCellProfile"")",Inflammatory cell type profile,
"=HYPERLINK(""https://ehs-data-standards.github.io/outcomes-working-group/elements/BALFSputumMeasurement/"",""BALFSputumMeasurement"")","=HYPERLINK(""https://ehs-data-standards.github.io/outcomes-working-group/elements/microbiome_analysis/"",""microbiome_analysis"")",single,"=HYPERLINK(""https://ehs-data-standards.github.io/outcomes-working-group/elements/MicrobiomeAnalysis/"",""MicrobiomeAnalysis"")",Microbiome composition analysis,
"=HYPERLINK(""https://ehs-data-standards.github.io/outcomes-working-group/elements/BALFSputumMeasurement/"",""BALFSputumMeasurement"")","=HYPERLINK(""https://ehs-data-standards.github.io/outcomes-working-group/elements/cytokine_levels/"",""cytokine_levels"")",multiple,string,Cytokine and chemokine levels,
"=HYPERLINK(""https://ehs-data-standards.github.io/outcomes-working-group/elements/BALFSputumMeasurement/"",""BALFSputumMeasurement"")","=HYPERLINK(""https://ehs-data-standards.github.io/outcomes-working-group/elements/protein_concentration/"",""protein_concentration"")",single,"=HYPERLINK(""https://ehs-data-standards.github.io/outcomes-working-group/elements/QuantityValue/"",""QuantityValue"")",Total protein concentration,
"=HYPERLINK(""https://ehs-data-standards.github.io/outcomes-working-group/elements/BALFSputumMeasurement/"",""BALFSputumMeasurement"")","=HYPERLINK(""https://ehs-data-standards.github.io/outcomes-working-group/elements/cell_free_dna/"",""cell_free_dna"")",single,"=HYPERLINK(""https://ehs-data-standards.github.io/outcomes-working-group/elements/QuantityValue/"",""QuantityValue"")",Cell-free DNA measurement,
"=HYPERLINK(""https://ehs-data-standards.github.io/outcomes-working-group/elements/LungFunctionMeasurement/"",""LungFunctionMeasurement"")","=HYPERLINK(""https://ehs-data-standards.github.io/outcomes-working-group/elements/id/"",""id"")",single,uriorcurie,A unique identifier,
"=HYPERLINK(""https://ehs-data-standards.github.io/outcomes-working-group/elements/LungFunctionMeasurement/"",""LungFunctionMeasurement"")","=HYPERLINK(""https://ehs-data-standards.github.io/outcomes-working-group/elements/description/"",""description"")",single,string,A detailed description,
"=HYPERLINK(""https://ehs-data-standards.github.io/outcomes-working-group/elements/LungFunctionMeasurement/"",""LungFunctionMeasurement"")","=HYPERLINK(""https://ehs-data-standards.github.io/outcomes-working-group/elements/input_sample/"",""input_sample"")",single,"=HYPERLINK(""https://ehs-data-standards.github.io/outcomes-working-group/elements/InputSample/"",""InputSample"")",Description of input samples and manipulations,
"=HYPERLINK(""https://ehs-data-standards.github.io/outcomes-working-group/elements/LungFunctionMeasurement/"",""LungFunctionMeasurement"")","=HYPERLINK(""https://ehs-data-standards.github.io/outcomes-working-group/elements/method_assay/"",""method_assay"")",single,"=HYPERLINK(""https://ehs-data-standards.github.io/outcomes-working-group/elements/Assay/"",""Assay"")",The method or assay used,
"=HYPERLINK(""https://ehs-data-standards.github.io/outcomes-working-group/elements/LungFunctionMeasurement/"",""LungFunctionMeasurement"")","=HYPERLINK(""https://ehs-data-standards.github.io/outcomes-working-group/elements/protocol_notes/"",""protocol_notes"")",single,string,Protocol or SOP notes,
"=HYPERLINK(""https://ehs-data-standards.github.io/outcomes-working-group/elements/LungFunctionMeasurement/"",""LungFunctionMeasurement"")","=HYPERLINK(""https://ehs-data-standards.github.io/outcomes-working-group/elements/fev1/"",""fev1"")",single,"=HYPERLINK(""https://ehs-data-standards.github.io/outcomes-working-group/elements/QuantityValue/"",""QuantityValue"")",Forced expiratory volume in 1 second,
"=HYPERLINK(""https://ehs-data-standards.github.io/outcomes-working-group/elements/LungFunctionMeasurement/"",""LungFunctionMeasurement"")","=HYPERLINK(""https://ehs-data-standards.github.io/outcomes-working-group/elements/fvc/"",""fvc"")",single,"=HYPERLINK(""https://ehs-data-standards.github.io/outcomes-working-group/elements/QuantityValue/"",""QuantityValue"")",Forced vital capacity,
"=HYPERLINK(""https://ehs-data-standards.github.io/outcomes-working-group/elements/LungFunctionMeasurement/"",""LungFunctionMeasurement"")","=HYPERLINK(""https://ehs-data-standards.github.io/outcomes-working-group/elements/fev1_fvc_ratio/"",""fev1_fvc_ratio"")",single,"=HYPERLINK(""https://ehs-data-standards.github.io/outcomes-working-group/elements/QuantityValue/"",""QuantityValue"")",Ratio of FEV1 to FVC,
"=HYPERLINK(""https://ehs-data-standards.github.io/outcomes-working-group/elements/LungFunctionMeasurement/"",""LungFunctionMeasurement"")","=HYPERLINK(""https://ehs-data-standards.github.io/outcomes-working-group/elements/fef25_75/"",""fef25_75"")",single,"=HYPERLINK(""https://ehs-data-standards.github.io/outcomes-working-group/elements/QuantityValue/"",""QuantityValue"")",Forced expiratory flow 25-75%,
"=HYPERLINK(""https://ehs-data-standards.github.io/outcomes-working-group/elements/LungFunctionMeasurement/"",""LungFunctionMeasurement"")","=HYPERLINK(""https://ehs-data-standards.github.io/outcomes-working-group/elements/bronchodilator_response/"",""bronchodilator_response"")",single,"=HYPERLINK(""https://ehs-data-standards.github.io/outcomes-working-group/elements/QuantityValue/"",""QuantityValue"")",Response to bronchodilator,
"=HYPERLINK(""https://ehs-data-standards.github.io/outcomes-working-group/elements/LungFunctionMeasurement/"",""LungFunctionMeasurement"")","=HYPERLINK(""https://ehs-data-standards.github.io/outcomes-working-group/elements/decline_rate/"",""decline_rate"")",single,"=HYPERLINK(""https://ehs-data-standards.github.io/outcomes-working-group/elements/QuantityValue/"",""QuantityValue"")",Longitudinal decline rate,
"=HYPERLINK(""https://ehs-data-standards.github.io/outcomes-working-group/elements/LungFunctionMeasurement/"",""LungFunctionMeasurement"")","=HYPERLINK(""https://ehs-data-standards.github.io/outcomes-working-group/elements/dlco/"",""dlco"")",single,"=HYPERLINK(""https://ehs-data-standards.github.io/outcomes-working-group/elements/QuantityValue/"",""QuantityValue"")",Diffusing capacity of the lung for carbon monoxide,
"=HYPERLINK(""https://ehs-data-standards.github.io/outcomes-working-group/elements/LungFunctionMeasurement/"",""LungFunctionMeasurement"")","=HYPERLINK(""https://ehs-data-standards.github.io/outcomes-working-group/elements/feno/"",""feno"")",single,"=HYPERLINK(""https://ehs-data-standards.github.io/outcomes-working-group/elements/QuantityValue/"",""QuantityValue"")",Fractional exhaled nitric oxide,
"=HYPERLINK(""https://ehs-data-standards.github.io/outcomes-working-group/elements/EGFRSignalingMeasurement/"",""EGFRSignalingMeasurement"")","=HYPERLINK(""https://ehs-data-standards.github.io/outcomes-working-group/elements/id/"",""id"")",single,uriorcurie,A unique identifier,
"=HYPERLINK(""https://ehs-data-standards.github.io/outcomes-working-group/elements/EGFRSignalingMeasurement/"",""EGFRSignalingMeasurement"")","=HYPERLINK(""https://ehs-data-standards.github.io/outcomes-working-group/elements/description/"",""description"")",single,string,A detailed description,
"=HYPERLINK(""https://ehs-data-standards.github.io/outcomes-working-group/elements/EGFRSignalingMeasurement/"",""EGFRSignalingMeasurement"")","=HYPERLINK(""https://ehs-data-standards.github.io/outcomes-working-group/elements/input_sample/"",""input_sample"")",single,"=HYPERLINK(""https://ehs-data-standards.github.io/outcomes-working-group/elements/InputSample/"",""InputSample"")",Description of input samples and manipulations,
"=HYPERLINK(""https://ehs-data-standards.github.io/outcomes-working-group/elements/EGFRSignalingMeasurement/"",""EGFRSignalingMeasurement"")","=HYPERLINK(""https://ehs-data-standards.github.io/outcomes-working-group/elements/method_assay/"",""method_assay"")",single,"=HYPERLINK(""https://ehs-data-standards.github.io/outcomes-working-group/elements/Assay/"",""Assay"")",The method or assay used,
"=HYPERLINK(""https://ehs-data-standards.github.io/outcomes-working-group/elements/EGFRSignalingMeasurement/"",""EGFRSignalingMeasurement"")","=HYPERLINK(""https://ehs-data-standards.github.io/outcomes-working-group/elements/protocol_notes/"",""protocol_notes"")",single,string,Protocol or SOP notes,
"=HYPERLINK(""https://ehs-data-standards.github.io/outcomes-working-group/elements/EGFRSignalingMeasurement/"",""EGFRSignalingMeasurement"")","=HYPERLINK(""https://ehs-data-standards.github.io/outcomes-working-group/elements/egfr_phosphorylation/"",""egfr_phosphorylation"")",single,"=HYPERLINK(""https://ehs-data-standards.github.io/outcomes-working-group/elements/QuantityValue/"",""QuantityValue"")",EGFR phosphorylation levels,
"=HYPERLINK(""https://ehs-data-standards.github.io/outcomes-working-group/elements/EGFRSignalingMeasurement/"",""EGFRSignalingMeasurement"")","=HYPERLINK(""https://ehs-data-standards.github.io/outcomes-working-group/elements/downstream_kinase_activation/"",""downstream_kinase_activation"")",single,string,Activation levels of downstream kinases (ERK, AKT),
"=HYPERLINK(""https://ehs-data-standards.github.io/outcomes-working-group/elements/EGFRSignalingMeasurement/"",""EGFRSignalingMeasurement"")","=HYPERLINK(""https://ehs-data-standards.github.io/outcomes-working-group/elements/ligand_expression_levels/"",""ligand_expression_levels"")",multiple,string,Expression levels of EGFR ligands,
"=HYPERLINK(""https://ehs-data-standards.github.io/outcomes-working-group/elements/EGFRSignalingMeasurement/"",""EGFRSignalingMeasurement"")","=HYPERLINK(""https://ehs-data-standards.github.io/outcomes-working-group/elements/pathway_biomarkers/"",""pathway_biomarkers"")",multiple,string,Pathway-specific biomarker signatures,
"=HYPERLINK(""https://ehs-data-standards.github.io/outcomes-working-group/elements/TranscriptionFactorExpressionMeasurement/"",""TranscriptionFactorExpressionMeasurement"")","=HYPERLINK(""https://ehs-data-standards.github.io/outcomes-working-group/elements/id/"",""id"")",single,uriorcurie,A unique identifier,
"=HYPERLINK(""https://ehs-data-standards.github.io/outcomes-working-group/elements/TranscriptionFactorExpressionMeasurement/"",""TranscriptionFactorExpressionMeasurement"")","=HYPERLINK(""https://ehs-data-standards.github.io/outcomes-working-group/elements/description/"",""description"")",single,string,A detailed description,
"=HYPERLINK(""https://ehs-data-standards.github.io/outcomes-working-group/elements/TranscriptionFactorExpressionMeasurement/"",""TranscriptionFactorExpressionMeasurement"")","=HYPERLINK(""https://ehs-data-standards.github.io/outcomes-working-group/elements/input_sample/"",""input_sample"")",single,"=HYPERLINK(""https://ehs-data-standards.github.io/outcomes-working-group/elements/InputSample/"",""InputSample"")",Description of input samples and manipulations,
"=HYPERLINK(""https://ehs-data-standards.github.io/outcomes-working-group/elements/TranscriptionFactorExpressionMeasurement/"",""TranscriptionFactorExpressionMeasurement"")","=HYPERLINK(""https://ehs-data-standards.github.io/outcomes-working-group/elements/method_assay/"",""method_assay"")",single,"=HYPERLINK(""https://ehs-data-standards.github.io/outcomes-working-group/elements/Assay/"",""Assay"")",The method or assay used,
"=HYPERLINK(""https://ehs-data-standards.github.io/outcomes-working-group/elements/TranscriptionFactorExpressionMeasurement/"",""TranscriptionFactorExpressionMeasurement"")","=HYPERLINK(""https://ehs-data-standards.github.io/outcomes-working-group/elements/protocol_notes/"",""protocol_notes"")",single,string,Protocol or SOP notes,
"=HYPERLINK(""https://ehs-data-standards.github.io/outcomes-working-group/elements/TranscriptionFactorExpressionMeasurement/"",""TranscriptionFactorExpressionMeasurement"")","=HYPERLINK(""https://ehs-data-standards.github.io/outcomes-working-group/elements/mrna_level/"",""mrna_level"")",single,"=HYPERLINK(""https://ehs-data-standards.github.io/outcomes-working-group/elements/QuantityValue/"",""QuantityValue"")",mRNA expression level,
"=HYPERLINK(""https://ehs-data-standards.github.io/outcomes-working-group/elements/TranscriptionFactorExpressionMeasurement/"",""TranscriptionFactorExpressionMeasurement"")","=HYPERLINK(""https://ehs-data-standards.github.io/outcomes-working-group/elements/protein_level/"",""protein_level"")",single,"=HYPERLINK(""https://ehs-data-standards.github.io/outcomes-working-group/elements/QuantityValue/"",""QuantityValue"")",Protein expression level,
"=HYPERLINK(""https://ehs-data-standards.github.io/outcomes-working-group/elements/TranscriptionFactorExpressionMeasurement/"",""TranscriptionFactorExpressionMeasurement"")","=HYPERLINK(""https://ehs-data-standards.github.io/outcomes-working-group/elements/percentage_positive_cells/"",""percentage_positive_cells"")",single,"=HYPERLINK(""https://ehs-data-standards.github.io/outcomes-working-group/elements/QuantityValue/"",""QuantityValue"")",Percentage of positive cells,
"=HYPERLINK(""https://ehs-data-standards.github.io/outcomes-working-group/elements/TranscriptionFactorExpressionMeasurement/"",""TranscriptionFactorExpressionMeasurement"")","=HYPERLINK(""https://ehs-data-standards.github.io/outcomes-working-group/elements/staining_protocol/"",""staining_protocol"")",single,"=HYPERLINK(""https://ehs-data-standards.github.io/outcomes-working-group/elements/StainingProtocol/"",""StainingProtocol"")",Staining protocol details,
"=HYPERLINK(""https://ehs-data-standards.github.io/outcomes-working-group/elements/TranscriptionFactorExpressionMeasurement/"",""TranscriptionFactorExpressionMeasurement"")","=HYPERLINK(""https://ehs-data-standards.github.io/outcomes-working-group/elements/gene_expression_analysis/"",""gene_expression_analysis"")",single,"=HYPERLINK(""https://ehs-data-standards.github.io/outcomes-working-group/elements/GeneExpressionAnalysis/"",""GeneExpressionAnalysis"")",Gene expression analysis methodology,
"=HYPERLINK(""https://ehs-data-standards.github.io/outcomes-working-group/elements/CiliaBeatFrequencyMeasurement/"",""CiliaBeatFrequencyMeasurement"")","=HYPERLINK(""https://ehs-data-standards.github.io/outcomes-working-group/elements/id/"",""id"")",single,uriorcurie,A unique identifier,
"=HYPERLINK(""https://ehs-data-standards.github.io/outcomes-working-group/elements/CiliaBeatFrequencyMeasurement/"",""CiliaBeatFrequencyMeasurement"")","=HYPERLINK(""https://ehs-data-standards.github.io/outcomes-working-group/elements/description/"",""description"")",single,string,A detailed description,
"=HYPERLINK(""https://ehs-data-standards.github.io/outcomes-working-group/elements/CiliaBeatFrequencyMeasurement/"",""CiliaBeatFrequencyMeasurement"")","=HYPERLINK(""https://ehs-data-standards.github.io/outcomes-working-group/elements/input_sample/"",""input_sample"")",single,"=HYPERLINK(""https://ehs-data-standards.github.io/outcomes-working-group/elements/InputSample/"",""InputSample"")",Description of input samples and manipulations,
"=HYPERLINK(""https://ehs-data-standards.github.io/outcomes-working-group/elements/CiliaBeatFrequencyMeasurement/"",""CiliaBeatFrequencyMeasurement"")","=HYPERLINK(""https://ehs-data-standards.github.io/outcomes-working-group/elements/method_assay/"",""method_assay"")",single,"=HYPERLINK(""https://ehs-data-standards.github.io/outcomes-working-group/elements/Assay/"",""Assay"")",The method or assay used,
"=HYPERLINK(""https://ehs-data-standards.github.io/outcomes-working-group/elements/CiliaBeatFrequencyMeasurement/"",""CiliaBeatFrequencyMeasurement"")","=HYPERLINK(""https://ehs-data-standards.github.io/outcomes-working-group/elements/protocol_notes/"",""protocol_notes"")",single,string,Protocol or SOP notes,
"=HYPERLINK(""https://ehs-data-standards.github.io/outcomes-working-group/elements/CiliaBeatFrequencyMeasurement/"",""CiliaBeatFrequencyMeasurement"")","=HYPERLINK(""https://ehs-data-standards.github.io/outcomes-working-group/elements/beat_frequency_hz/"",""beat_frequency_hz"")",single,"=HYPERLINK(""https://ehs-data-standards.github.io/outcomes-working-group/elements/QuantityValue/"",""QuantityValue"")",Ciliary beat frequency in Hz,
"=HYPERLINK(""https://ehs-data-standards.github.io/outcomes-working-group/elements/CiliaBeatFrequencyMeasurement/"",""CiliaBeatFrequencyMeasurement"")","=HYPERLINK(""https://ehs-data-standards.github.io/outcomes-working-group/elements/active_area_percentage/"",""active_area_percentage"")",single,"=HYPERLINK(""https://ehs-data-standards.github.io/outcomes-working-group/elements/QuantityValue/"",""QuantityValue"")",Percentage of active ciliated area,
"=HYPERLINK(""https://ehs-data-standards.github.io/outcomes-working-group/elements/CiliaBeatFrequencyMeasurement/"",""CiliaBeatFrequencyMeasurement"")","=HYPERLINK(""https://ehs-data-standards.github.io/outcomes-working-group/elements/imaging_protocol/"",""imaging_protocol"")",single,"=HYPERLINK(""https://ehs-data-standards.github.io/outcomes-working-group/elements/ImagingProtocol/"",""ImagingProtocol"")",Imaging protocol and parameters,
"=HYPERLINK(""https://ehs-data-standards.github.io/outcomes-working-group/elements/CiliaBeatFrequencyMeasurement/"",""CiliaBeatFrequencyMeasurement"")","=HYPERLINK(""https://ehs-data-standards.github.io/outcomes-working-group/elements/cilia_per_cell/"",""cilia_per_cell"")",single,"=HYPERLINK(""https://ehs-data-standards.github.io/outcomes-working-group/elements/QuantityValue/"",""QuantityValue"")",Number of cilia per cell,
"=HYPERLINK(""https://ehs-data-standards.github.io/outcomes-working-group/elements/CiliaBeatFrequencyMeasurement/"",""CiliaBeatFrequencyMeasurement"")","=HYPERLINK(""https://ehs-data-standards.github.io/outcomes-working-group/elements/cilia_length/"",""cilia_length"")",single,"=HYPERLINK(""https://ehs-data-standards.github.io/outcomes-working-group/elements/QuantityValue/"",""QuantityValue"")",Length of cilia,
"=HYPERLINK(""https://ehs-data-standards.github.io/outcomes-working-group/elements/CiliaBeatFrequencyMeasurement/"",""CiliaBeatFrequencyMeasurement"")","=HYPERLINK(""https://ehs-data-standards.github.io/outcomes-working-group/elements/percentage_ciliated_cells/"",""percentage_ciliated_cells"")",single,"=HYPERLINK(""https://ehs-data-standards.github.io/outcomes-working-group/elements/QuantityValue/"",""QuantityValue"")",Percentage of cells that are ciliated,
"=HYPERLINK(""https://ehs-data-standards.github.io/outcomes-working-group/elements/CiliaBeatFrequencyMeasurement/"",""CiliaBeatFrequencyMeasurement"")","=HYPERLINK(""https://ehs-data-standards.github.io/outcomes-working-group/elements/ciliary_motion_patterns/"",""ciliary_motion_patterns"")",single,string,Patterns of ciliary motion,
"=HYPERLINK(""https://ehs-data-standards.github.io/outcomes-working-group/elements/CiliaBeatFrequencyMeasurement/"",""CiliaBeatFrequencyMeasurement"")","=HYPERLINK(""https://ehs-data-standards.github.io/outcomes-working-group/elements/cell_type_ratios/"",""cell_type_ratios"")",single,string,Ratios between different cell types,
"=HYPERLINK(""https://ehs-data-standards.github.io/outcomes-working-group/elements/ASLHeightMeasurement/"",""ASLHeightMeasurement"")","=HYPERLINK(""https://ehs-data-standards.github.io/outcomes-working-group/elements/id/"",""id"")",single,uriorcurie,A unique identifier,
"=HYPERLINK(""https://ehs-data-standards.github.io/outcomes-working-group/elements/ASLHeightMeasurement/"",""ASLHeightMeasurement"")","=HYPERLINK(""https://ehs-data-standards.github.io/outcomes-working-group/elements/description/"",""description"")",single,string,A detailed description,
"=HYPERLINK(""https://ehs-data-standards.github.io/outcomes-working-group/elements/ASLHeightMeasurement/"",""ASLHeightMeasurement"")","=HYPERLINK(""https://ehs-data-standards.github.io/outcomes-working-group/elements/input_sample/"",""input_sample"")",single,"=HYPERLINK(""https://ehs-data-standards.github.io/outcomes-working-group/elements/InputSample/"",""InputSample"")",Description of input samples and manipulations,
"=HYPERLINK(""https://ehs-data-standards.github.io/outcomes-working-group/elements/ASLHeightMeasurement/"",""ASLHeightMeasurement"")","=HYPERLINK(""https://ehs-data-standards.github.io/outcomes-working-group/elements/method_assay/"",""method_assay"")",single,"=HYPERLINK(""https://ehs-data-standards.github.io/outcomes-working-group/elements/Assay/"",""Assay"")",The method or assay used,
"=HYPERLINK(""https://ehs-data-standards.github.io/outcomes-working-group/elements/ASLHeightMeasurement/"",""ASLHeightMeasurement"")","=HYPERLINK(""https://ehs-data-standards.github.io/outcomes-working-group/elements/protocol_notes/"",""protocol_notes"")",single,string,Protocol or SOP notes,
"=HYPERLINK(""https://ehs-data-standards.github.io/outcomes-working-group/elements/ASLHeightMeasurement/"",""ASLHeightMeasurement"")","=HYPERLINK(""https://ehs-data-standards.github.io/outcomes-working-group/elements/asl_height_um/"",""asl_height_um"")",single,"=HYPERLINK(""https://ehs-data-standards.github.io/outcomes-working-group/elements/QuantityValue/"",""QuantityValue"")",Airway surface liquid height in micrometers,
"=HYPERLINK(""https://ehs-data-standards.github.io/outcomes-working-group/elements/ASLHeightMeasurement/"",""ASLHeightMeasurement"")","=HYPERLINK(""https://ehs-data-standards.github.io/outcomes-working-group/elements/periciliary_layer_depth/"",""periciliary_layer_depth"")",single,"=HYPERLINK(""https://ehs-data-standards.github.io/outcomes-working-group/elements/QuantityValue/"",""QuantityValue"")",Depth of periciliary layer in micrometers,
"=HYPERLINK(""https://ehs-data-standards.github.io/outcomes-working-group/elements/ASLHeightMeasurement/"",""ASLHeightMeasurement"")","=HYPERLINK(""https://ehs-data-standards.github.io/outcomes-working-group/elements/imaging_protocol/"",""imaging_protocol"")",single,"=HYPERLINK(""https://ehs-data-standards.github.io/outcomes-working-group/elements/ImagingProtocol/"",""ImagingProtocol"")",Imaging protocol and parameters,
"=HYPERLINK(""https://ehs-data-standards.github.io/outcomes-working-group/elements/ASLHeightMeasurement/"",""ASLHeightMeasurement"")","=HYPERLINK(""https://ehs-data-standards.github.io/outcomes-working-group/elements/ion_composition/"",""ion_composition"")",single,string,"Ionic composition (Cl⁻, Na⁺, K⁺)",
"=HYPERLINK(""https://ehs-data-standards.github.io/outcomes-working-group/elements/ASLHeightMeasurement/"",""ASLHeightMeasurement"")","=HYPERLINK(""https://ehs-data-standards.github.io/outcomes-working-group/elements/fluorescent_labeling/"",""fluorescent_labeling"")",single,"=HYPERLINK(""https://ehs-data-standards.github.io/outcomes-working-group/elements/FluorescentLabel/"",""FluorescentLabel"")",Fluorescent label or tracer used,
"=HYPERLINK(""https://ehs-data-standards.github.io/outcomes-working-group/elements/ASLHeightMeasurement/"",""ASLHeightMeasurement"")","=HYPERLINK(""https://ehs-data-standards.github.io/outcomes-working-group/elements/evaporation_prevention/"",""evaporation_prevention"")",single,"=HYPERLINK(""https://ehs-data-standards.github.io/outcomes-working-group/elements/EvaporationControl/"",""EvaporationControl"")",Method used to prevent evaporation,
"=HYPERLINK(""https://ehs-data-standards.github.io/outcomes-working-group/elements/MucociliaryClearanceMeasurement/"",""MucociliaryClearanceMeasurement"")","=HYPERLINK(""https://ehs-data-standards.github.io/outcomes-working-group/elements/id/"",""id"")",single,uriorcurie,A unique identifier,
"=HYPERLINK(""https://ehs-data-standards.github.io/outcomes-working-group/elements/MucociliaryClearanceMeasurement/"",""MucociliaryClearanceMeasurement"")","=HYPERLINK(""https://ehs-data-standards.github.io/outcomes-working-group/elements/description/"",""description"")",single,string,A detailed description,
"=HYPERLINK(""https://ehs-data-standards.github.io/outcomes-working-group/elements/MucociliaryClearanceMeasurement/"",""MucociliaryClearanceMeasurement"")","=HYPERLINK(""https://ehs-data-standards.github.io/outcomes-working-group/elements/input_sample/"",""input_sample"")",single,"=HYPERLINK(""https://ehs-data-standards.github.io/outcomes-working-group/elements/InputSample/"",""InputSample"")",Description of input samples and manipulations,
"=HYPERLINK(""https://ehs-data-standards.github.io/outcomes-working-group/elements/MucociliaryClearanceMeasurement/"",""MucociliaryClearanceMeasurement"")","=HYPERLINK(""https://ehs-data-standards.github.io/outcomes-working-group/elements/method_assay/"",""method_assay"")",single,"=HYPERLINK(""https://ehs-data-standards.github.io/outcomes-working-group/elements/Assay/"",""Assay"")",The method or assay used,
"=HYPERLINK(""https://ehs-data-standards.github.io/outcomes-working-group/elements/MucociliaryClearanceMeasurement/"",""MucociliaryClearanceMeasurement"")","=HYPERLINK(""https://ehs-data-standards.github.io/outcomes-working-group/elements/protocol_notes/"",""protocol_notes"")",single,string,Protocol or SOP notes,
"=HYPERLINK(""https://ehs-data-standards.github.io/outcomes-working-group/elements/MucociliaryClearanceMeasurement/"",""MucociliaryClearanceMeasurement"")","=HYPERLINK(""https://ehs-data-standards.github.io/outcomes-working-group/elements/transport_rate/"",""transport_rate"")",single,"=HYPERLINK(""https://ehs-data-standards.github.io/outcomes-working-group/elements/QuantityValue/"",""QuantityValue"")",Mucociliary transport rate,
"=HYPERLINK(""https://ehs-data-standards.github.io/outcomes-working-group/elements/MucociliaryClearanceMeasurement/"",""MucociliaryClearanceMeasurement"")","=HYPERLINK(""https://ehs-data-standards.github.io/outcomes-working-group/elements/directionality/"",""directionality"")",single,string,Directionality of mucociliary transport,
"=HYPERLINK(""https://ehs-data-standards.github.io/outcomes-working-group/elements/MucociliaryClearanceMeasurement/"",""MucociliaryClearanceMeasurement"")","=HYPERLINK(""https://ehs-data-standards.github.io/outcomes-working-group/elements/particle_tracking_method/"",""particle_tracking_method"")",single,string,Method used for tracking particles or mucus,
"=HYPERLINK(""https://ehs-data-standards.github.io/outcomes-working-group/elements/MucociliaryClearanceMeasurement/"",""MucociliaryClearanceMeasurement"")","=HYPERLINK(""https://ehs-data-standards.github.io/outcomes-working-group/elements/fluorescent_tracers/"",""fluorescent_tracers"")",multiple,"=HYPERLINK(""https://ehs-data-standards.github.io/outcomes-working-group/elements/FluorescentLabel/"",""FluorescentLabel"")",Fluorescent tracers used for tracking,
"=HYPERLINK(""https://ehs-data-standards.github.io/outcomes-working-group/elements/MucociliaryClearanceMeasurement/"",""MucociliaryClearanceMeasurement"")","=HYPERLINK(""https://ehs-data-standards.github.io/outcomes-working-group/elements/mucus_layer_thickness/"",""mucus_layer_thickness"")",single,"=HYPERLINK(""https://ehs-data-standards.github.io/outcomes-working-group/elements/QuantityValue/"",""QuantityValue"")",Thickness of mucus layer,
"=HYPERLINK(""https://ehs-data-standards.github.io/outcomes-working-group/elements/MucociliaryClearanceMeasurement/"",""MucociliaryClearanceMeasurement"")","=HYPERLINK(""https://ehs-data-standards.github.io/outcomes-working-group/elements/bacterial_biofilm_details/"",""bacterial_biofilm_details"")",single,string,Details about bacterial biofilm preparation and characteristics,
"=HYPERLINK(""https://ehs-data-standards.github.io/outcomes-working-group/elements/MucociliaryClearanceMeasurement/"",""MucociliaryClearanceMeasurement"")","=HYPERLINK(""https://ehs-data-standards.github.io/outcomes-working-group/elements/viral_infection_details/"",""viral_infection_details"")",single,string,Details about viral infection protocol,
"=HYPERLINK(""https://ehs-data-standards.github.io/outcomes-working-group/elements/MucociliaryClearanceMeasurement/"",""MucociliaryClearanceMeasurement"")","=HYPERLINK(""https://ehs-data-standards.github.io/outcomes-working-group/elements/biofilm_clearance_rate/"",""biofilm_clearance_rate"")",single,"=HYPERLINK(""https://ehs-data-standards.github.io/outcomes-working-group/elements/QuantityValue/"",""QuantityValue"")",Rate of bacterial biofilm clearance,
"=HYPERLINK(""https://ehs-data-standards.github.io/outcomes-working-group/elements/MucociliaryClearanceMeasurement/"",""MucociliaryClearanceMeasurement"")","=HYPERLINK(""https://ehs-data-standards.github.io/outcomes-working-group/elements/bacterial_load/"",""bacterial_load"")",single,"=HYPERLINK(""https://ehs-data-standards.github.io/outcomes-working-group/elements/QuantityValue/"",""QuantityValue"")",Bacterial load (CFU or similar),
"=HYPERLINK(""https://ehs-data-standards.github.io/outcomes-working-group/elements/MucociliaryClearanceMeasurement/"",""MucociliaryClearanceMeasurement"")","=HYPERLINK(""https://ehs-data-standards.github.io/outcomes-working-group/elements/viral_spread_rate/"",""viral_spread_rate"")",single,"=HYPERLINK(""https://ehs-data-standards.github.io/outcomes-working-group/elements/QuantityValue/"",""QuantityValue"")",Rate of viral spread,
"=HYPERLINK(""https://ehs-data-standards.github.io/outcomes-working-group/elements/GobletCellMeasurement/"",""GobletCellMeasurement"")","=HYPERLINK(""https://ehs-data-standards.github.io/outcomes-working-group/elements/id/"",""id"")",single,uriorcurie,A unique identifier,
"=HYPERLINK(""https://ehs-data-standards.github.io/outcomes-working-group/elements/GobletCellMeasurement/"",""GobletCellMeasurement"")","=HYPERLINK(""https://ehs-data-standards.github.io/outcomes-working-group/elements/description/"",""description"")",single,string,A detailed description,
"=HYPERLINK(""https://ehs-data-standards.github.io/outcomes-working-group/elements/GobletCellMeasurement/"",""GobletCellMeasurement"")","=HYPERLINK(""https://ehs-data-standards.github.io/outcomes-working-group/elements/input_sample/"",""input_sample"")",single,"=HYPERLINK(""https://ehs-data-standards.github.io/outcomes-working-group/elements/InputSample/"",""InputSample"")",Description of input samples and manipulations,
"=HYPERLINK(""https://ehs-data-standards.github.io/outcomes-working-group/elements/GobletCellMeasurement/"",""GobletCellMeasurement"")","=HYPERLINK(""https://ehs-data-standards.github.io/outcomes-working-group/elements/method_assay/"",""method_assay"")",single,"=HYPERLINK(""https://ehs-data-standards.github.io/outcomes-working-group/elements/Assay/"",""Assay"")",The method or assay used,
"=HYPERLINK(""https://ehs-data-standards.github.io/outcomes-working-group/elements/GobletCellMeasurement/"",""GobletCellMeasurement"")","=HYPERLINK(""https://ehs-data-standards.github.io/outcomes-working-group/elements/protocol_notes/"",""protocol_notes"")",single,string,Protocol or SOP notes,
"=HYPERLINK(""https://ehs-data-standards.github.io/outcomes-working-group/elements/GobletCellMeasurement/"",""GobletCellMeasurement"")","=HYPERLINK(""https://ehs-data-standards.github.io/outcomes-working-group/elements/goblet_cell_count/"",""goblet_cell_count"")",single,"=HYPERLINK(""https://ehs-data-standards.github.io/outcomes-working-group/elements/QuantityValue/"",""QuantityValue"")",Number or percentage of goblet cells,
"=HYPERLINK(""https://ehs-data-standards.github.io/outcomes-working-group/elements/GobletCellMeasurement/"",""GobletCellMeasurement"")","=HYPERLINK(""https://ehs-data-standards.github.io/outcomes-working-group/elements/mucin_expression_level/"",""mucin_expression_level"")",single,"=HYPERLINK(""https://ehs-data-standards.github.io/outcomes-working-group/elements/QuantityValue/"",""QuantityValue"")",Level of mucin gene or protein expression,
"=HYPERLINK(""https://ehs-data-standards.github.io/outcomes-working-group/elements/GobletCellMeasurement/"",""GobletCellMeasurement"")","=HYPERLINK(""https://ehs-data-standards.github.io/outcomes-working-group/elements/staining_protocol/"",""staining_protocol"")",single,"=HYPERLINK(""https://ehs-data-standards.github.io/outcomes-working-group/elements/StainingProtocol/"",""StainingProtocol"")",Staining protocol details,
"=HYPERLINK(""https://ehs-data-standards.github.io/outcomes-working-group/elements/GobletCellMeasurement/"",""GobletCellMeasurement"")","=HYPERLINK(""https://ehs-data-standards.github.io/outcomes-working-group/elements/gene_expression_analysis/"",""gene_expression_analysis"")",single,"=HYPERLINK(""https://ehs-data-standards.github.io/outcomes-working-group/elements/GeneExpressionAnalysis/"",""GeneExpressionAnalysis"")",Gene expression analysis methodology,
"=HYPERLINK(""https://ehs-data-standards.github.io/outcomes-working-group/elements/GobletCellMeasurement/"",""GobletCellMeasurement"")","=HYPERLINK(""https://ehs-data-standards.github.io/outcomes-working-group/elements/mucin_protein_concentration/"",""mucin_protein_concentration"")",single,"=HYPERLINK(""https://ehs-data-standards.github.io/outcomes-working-group/elements/QuantityValue/"",""QuantityValue"")",Concentration of mucin protein,
"=HYPERLINK(""https://ehs-data-standards.github.io/outcomes-working-group/elements/GobletCellMeasurement/"",""GobletCellMeasurement"")","=HYPERLINK(""https://ehs-data-standards.github.io/outcomes-working-group/elements/goblet_to_ciliated_ratio/"",""goblet_to_ciliated_ratio"")",single,"=HYPERLINK(""https://ehs-data-standards.github.io/outcomes-working-group/elements/QuantityValue/"",""QuantityValue"")",Ratio of goblet cells to ciliated cells,
"=HYPERLINK(""https://ehs-data-standards.github.io/outcomes-working-group/elements/GobletCellMeasurement/"",""GobletCellMeasurement"")","=HYPERLINK(""https://ehs-data-standards.github.io/outcomes-working-group/elements/pathway_enrichment_scores/"",""pathway_enrichment_scores"")",multiple,string,Enrichment scores for biological pathways,
"=HYPERLINK(""https://ehs-data-standards.github.io/outcomes-working-group/elements/GobletCellMeasurement/"",""GobletCellMeasurement"")","=HYPERLINK(""https://ehs-data-standards.github.io/outcomes-working-group/elements/dose_response_data/"",""dose_response_data"")",single,string,Dose-response relationship data,
"=HYPERLINK(""https://ehs-data-standards.github.io/outcomes-working-group/elements/OxidativeStressMeasurement/"",""OxidativeStressMeasurement"")","=HYPERLINK(""https://ehs-data-standards.github.io/outcomes-working-group/elements/id/"",""id"")",single,uriorcurie,A unique identifier,
"=HYPERLINK(""https://ehs-data-standards.github.io/outcomes-working-group/elements/OxidativeStressMeasurement/"",""OxidativeStressMeasurement"")","=HYPERLINK(""https://ehs-data-standards.github.io/outcomes-working-group/elements/description/"",""description"")",single,string,A detailed description,
"=HYPERLINK(""https://ehs-data-standards.github.io/outcomes-working-group/elements/OxidativeStressMeasurement/"",""OxidativeStressMeasurement"")","=HYPERLINK(""https://ehs-data-standards.github.io/outcomes-working-group/elements/input_sample/"",""input_sample"")",single,"=HYPERLINK(""https://ehs-data-standards.github.io/outcomes-working-group/elements/InputSample/"",""InputSample"")",Description of input samples and manipulations,
"=HYPERLINK(""https://ehs-data-standards.github.io/outcomes-working-group/elements/OxidativeStressMeasurement/"",""OxidativeStressMeasurement"")","=HYPERLINK(""https://ehs-data-standards.github.io/outcomes-working-group/elements/method_assay/"",""method_assay"")",single,"=HYPERLINK(""https://ehs-data-standards.github.io/outcomes-working-group/elements/Assay/"",""Assay"")",The method or assay used,
"=HYPERLINK(""https://ehs-data-standards.github.io/outcomes-working-group/elements/OxidativeStressMeasurement/"",""OxidativeStressMeasurement"")","=HYPERLINK(""https://ehs-data-standards.github.io/outcomes-working-group/elements/protocol_notes/"",""protocol_notes"")",single,string,Protocol or SOP notes,
"=HYPERLINK(""https://ehs-data-standards.github.io/outcomes-working-group/elements/OxidativeStressMeasurement/"",""OxidativeStressMeasurement"")","=HYPERLINK(""https://ehs-data-standards.github.io/outcomes-working-group/elements/ros_level/"",""ros_level"")",single,"=HYPERLINK(""https://ehs-data-standards.github.io/outcomes-working-group/elements/QuantityValue/"",""QuantityValue"")",Reactive oxygen species level,
"=HYPERLINK(""https://ehs-data-standards.github.io/outcomes-working-group/elements/OxidativeStressMeasurement/"",""OxidativeStressMeasurement"")","=HYPERLINK(""https://ehs-data-standards.github.io/outcomes-working-group/elements/lipid_peroxidation/"",""lipid_peroxidation"")",single,"=HYPERLINK(""https://ehs-data-standards.github.io/outcomes-working-group/elements/QuantityValue/"",""QuantityValue"")","Lipid peroxidation markers (MDA, 8-isoprostane, etc.)",
"=HYPERLINK(""https://ehs-data-standards.github.io/outcomes-working-group/elements/OxidativeStressMeasurement/"",""OxidativeStressMeasurement"")","=HYPERLINK(""https://ehs-data-standards.github.io/outcomes-working-group/elements/antioxidant_capacity/"",""antioxidant_capacity"")",single,"=HYPERLINK(""https://ehs-data-standards.github.io/outcomes-working-group/elements/QuantityValue/"",""QuantityValue"")","Antioxidant capacity (GSH/GSSG ratio, enzyme activity)",
"=HYPERLINK(""https://ehs-data-standards.github.io/outcomes-working-group/elements/OxidativeStressMeasurement/"",""OxidativeStressMeasurement"")","=HYPERLINK(""https://ehs-data-standards.github.io/outcomes-working-group/elements/ros_probe/"",""ros_probe"")",single,"=HYPERLINK(""https://ehs-data-standards.github.io/outcomes-working-group/elements/ROSProbe/"",""ROSProbe"")",ROS probe details,
"=HYPERLINK(""https://ehs-data-standards.github.io/outcomes-working-group/elements/OxidativeStressMeasurement/"",""OxidativeStressMeasurement"")","=HYPERLINK(""https://ehs-data-standards.github.io/outcomes-working-group/elements/detection_method_details/"",""detection_method_details"")",multiple,"=HYPERLINK(""https://ehs-data-standards.github.io/outcomes-working-group/elements/DetectionMethod/"",""DetectionMethod"")",Detection method details,
"=HYPERLINK(""https://ehs-data-standards.github.io/outcomes-working-group/elements/OxidativeStressMeasurement/"",""OxidativeStressMeasurement"")","=HYPERLINK(""https://ehs-data-standards.github.io/outcomes-working-group/elements/protein_oxidation_markers/"",""protein_oxidation_markers"")",multiple,string,"Protein oxidation markers (carbonyls, nitrotyrosine)",
"=HYPERLINK(""https://ehs-data-standards.github.io/outcomes-working-group/elements/OxidativeStressMeasurement/"",""OxidativeStressMeasurement"")","=HYPERLINK(""https://ehs-data-standards.github.io/outcomes-working-group/elements/dna_damage_markers/"",""dna_damage_markers"")",single,"=HYPERLINK(""https://ehs-data-standards.github.io/outcomes-working-group/elements/QuantityValue/"",""QuantityValue"")",DNA damage markers (8-OHdG),
"=HYPERLINK(""https://ehs-data-standards.github.io/outcomes-working-group/elements/OxidativeStressMeasurement/"",""OxidativeStressMeasurement"")","=HYPERLINK(""https://ehs-data-standards.github.io/outcomes-working-group/elements/antioxidant_enzyme_activities/"",""antioxidant_enzyme_activities"")",single,string,"Antioxidant enzyme activities (SOD, catalase, GPx)",
"=HYPERLINK(""https://ehs-data-standards.github.io/outcomes-working-group/elements/OxidativeStressMeasurement/"",""OxidativeStressMeasurement"")","=HYPERLINK(""https://ehs-data-standards.github.io/outcomes-working-group/elements/barrier_integrity/"",""barrier_integrity"")",single,"=HYPERLINK(""https://ehs-data-standards.github.io/outcomes-working-group/elements/BarrierIntegrity/"",""BarrierIntegrity"")",Epithelial barrier integrity measurements,
"=HYPERLINK(""https://ehs-data-standards.github.io/outcomes-working-group/elements/OxidativeStressMeasurement/"",""OxidativeStressMeasurement"")","=HYPERLINK(""https://ehs-data-standards.github.io/outcomes-working-group/elements/cytotoxicity_metrics/"",""cytotoxicity_metrics"")",single,"=HYPERLINK(""https://ehs-data-standards.github.io/outcomes-working-group/elements/CytotoxicityMetrics/"",""CytotoxicityMetrics"")",Cytotoxicity measurements,
